{
  "model_type": "svm",
  "f1": 0.6445497630331753,
  "support": {
    "train": 39979,
    "test": 9995
  },
  "classification_report": {
    "0": {
      "precision": 0.9873894030306112,
      "recall": 0.9973292244478685,
      "f1-score": 0.9923344235486509,
      "support": 9735.0
    },
    "1": {
      "precision": 0.8395061728395061,
      "recall": 0.5230769230769231,
      "f1-score": 0.6445497630331753,
      "support": 260.0
    },
    "accuracy": 0.984992496248124,
    "macro avg": {
      "precision": 0.9134477879350587,
      "recall": 0.7602030737623958,
      "f1-score": 0.8184420932909131,
      "support": 9995.0
    },
    "weighted avg": {
      "precision": 0.9835425156019281,
      "recall": 0.984992496248124,
      "f1-score": 0.9832874989129307,
      "support": 9995.0
    }
  }
}